word	frequency
election	99
votes	48
ballots	38
vote	35
people	34
amp	33
rigged	33
fraud	32
pennsylvania	25
0	25
states	24
georgia	24
state	22
big	22
win	22
ballot	20
massive	19
allowed	19
voting	18
fake	18
mail	17
many	17
thousands	17
poll	17
dominion	17
great	17
trump	16
biden	16
observers	15
fraudulent	14
let	14
democrats	14
voter	14
2020	14
country	14
counting	14
watchers	14
signatures	14
never	13
republican	13
see	13
must	13
way	12
governor	12
got	12
even	11
one	11
look	11
michigan	11
us	11
hundreds	11
rooms	11
briankempga	11
numbers	11
things	10
also	10
place	10
like	10
media	10
would	10
news	10
oann	10
via	10
case	10
count	9
far	9
corrupt	9
watch	9
recount	9
envelopes	9
long	8
counted	8
radical	8
left	8
others	8
steal	8
easily	8
caught	8
voted	8
get	7
cast	7
voters	7
want	7
allow	7
legal	7
number	7
detroit	7
much	7
philadelphia	7
dead	7
republicans	7
illegally	6
president	6
go	6
system	6
open	6
stop	6
check	6
going	6
done	6
hard	6
large	6
job	6
illegal	6
happened	6
lot	6
watching	6
dems	6
evidence	6
unconstitutional	6
important	6
breitbartnews	6
signed	5
anyone	5
used	5
result	5
trying	5
wrong	5
close	5
total	5
means	5
know	5
bad	5
took	5
history	5
stolen	5
nevada	5
TRUE	5
expose	5
called	5
chanelrion	5
secure	5
secretary	5
consent	5
decree	5
match	5
call	5
nothing	5
texas	5
perhaps	5
easy	5
wow	5
matter	4
thought	4
thank	4
security	4
democrat	4
lost	4
thrown	4
america	4
polling	4
right	4
sign	4
unsolicited	4
give	4
late	4
lead	4
scam	4
rino	4
found	4
cannot	4
coming	4
100	4
problems	4
court	4
night	4
working	4
reported	4
proof	4
united	4
results	4
including	4
everyone	4
without	4
time	4
machines	4
hoax	4
finding	4
corruption	4
enough	4
taking	4
data	4
years	4
ever	4
arizona	4
process	4
signature	4
izing	4
fighting	4
flip	4
show	4
find	4
swing	4
says	4
joe	3
anything	3
millions	3
happen	3
military	3
crazy	3
c	3
using	3
make	3
possible	3
multiple	3
times	3
already	3
tabulated	3
north	3
carolina	3
year	3
may	3
group	3
foreign	3
totally	3
chris	3
russia	3
plus	3
recent	3
every	3
live	3
learning	3
run	3
happening	3
supreme	3
systems	3
leading	3
disappear	3
likewise	3
plenty	3
therefore	3
tens	3
received	3
could	3
71	3
order	3
pollster	3
impossible	3
obama	3
wide	3
forward	3
went	3
looking	3
report	3
immediately	3
except	3
constitution	3
meaningless	3
twitter	3
10	3
real	3
stand	3
owned	3
glitches	3
joke	3
mess	3
two	3
past	3
needed	3
made	3
least	3
home	3
part	3
need	3
work	3
verification	3
hearing	3
80	3
gave	3
today	3
geoffduncanga	3
zero	2
less	2
boxes	2
fraudulently	2
sending	2
told	2
starts	2
washington	2
try	2
met	2
force	2
disaster	2
covid	2
able	2
early	2
polls	2
unprecedented	2
sent	2
3rd	2
accurately	2
determined	2
yesterday	2
otherwise	2
mayhem	2
absentee	2
interference	2
countries	2
though	2
greater	2
rigging	2
charlie	2
garbage	2
flu	2
vaccine	2
learned	2
missing	2
white	2
house	2
rampant	2
cheating	2
entire	2
something	2
almost	2
surprise	2
dumps	2
500	2
claimed	2
electoral	2
day	2
first	2
presidency	2
stated	2
8	2
p	2
tuesday	2
certain	2
thin	2
separate	2
change	2
numerous	2
observe	2
transparency	2
viciously	2
refused	2
asked	2
allegations	2
affidavits	2
justice	2
intervention	2
problem	2
million	2
put	2
believe	2
morning	2
stole	2
0	2
good	2
abuse	2
loudobbs	2
patriot	2
shut	2
politics	2
accept	2
guy	2
refuses	2
responsible	2
73	2
vsnfdzofkk	2
thanks	2
deleted	2
finds	2
switched	2
inaccurate	2
ywiw6spici	2
elections	2
administration	2
tremendous	2
support	2
rallies	2
saturday	2
say	2
wonder	2
loss	2
knows	2
top	2
political	2
overturned	2
knew	2
hide	2
privately	2
company	2
showing	2
matching	2
alone	2
spread	2
present	2
really	2
getting	2
sick	2
exposing	2
concede	2
world	2
allowing	2
rate	2
rejected	2
kept	2
statement	2
krebs	2
highly	2
changed	2
thing	2
powers	2
9cop3r44uq	2
sad	2
harassed	2
forced	2
american	2
machine	2
meaning	2
terrible	2
canvassers	2
widespread	2
refuse	2
certify	2
cheated	2
20	2
lawyers	2
newsmax	2
foxnews	2
47	2
david	2
perdue	2
kelly	2
loeffler	2
rally	2
pouring	2
quickly	2
four	2
turn	2
hopefully	2
brought	2
respected	2
bringing	2
senator	2
lose	2
pro	2
message	2
various	2
full	2
soon	2
wisconsin	2
somebody	2
gasecofstate	2
conference	2
usb	2
drives	2
truth	2
ridiculous	2
atlanta	2
milwaukee	2
poorly	2
1	2
stay	2
saving	2
everybody	2
story	2
angry	2
hearings	2
hope	2
afraid	2
center	2
presidential	2
lt	2
tuckercarlson	2
agree	1
h84md7jvpw	1
substantially	1
robbed	1
forged	1
printed	1
california	1
living	1
followed	1
professionals	1
telling	1
thugs	1
dishonoring	1
memory	1
george	1
floyd	1
spoke	1
tim	1
walz	1
difficulty	1
assume	1
control	1
looting	1
shooting	1
8usgj6yyx4	1
vnrpk0zl5y	1
autonomous	1
zone	1
serious	1
drop	1
among	1
person	1
controls	1
placed	1
areas	1
sanitized	1
assured	1
precious	1
destroyed	1
god	1
bless	1
whether	1
worked	1
properly	1
citizen	1
arrives	1
sure	1
counts	1
send	1
posted	1
take	1
away	1
new	1
amount	1
wherever	1
nov	1
another	1
madness	1
3smak9tc1a	1
ask	1
booths	1
always	1
solicited	1
ok	1
foxandfriends	1
truethevote	1
largely	1
end	1
mass	1
gift	1
uncontrollable	1
chaos	1
confusion	1
activity	1
china	1
threat	1
interfere	1
vulnerable	1
counterfeit	1
mh3vrhwvs8	1
1fwrjiusny	1
baker	1
massachusetts	1
unsuccessfully	1
defend	1
races	1
returned	1
season	1
sometimes	1
despite	1
die	1
populations	1
lethal	1
ari	1
pafbuskb19	1
complete	1
doctors	1
immune	1
nice	1
discrepancies	1
usa	1
final	1
november	1
decision	1
dangerous	1
unchecked	1
undermine	1
laws	1
induce	1
violence	1
streets	1
closed	1
last	1
often	1
solidly	1
key	1
instances	1
controlled	1
started	1
magically	1
strange	1
pollsters	1
completely	1
historically	1
6487pylznl	1
advantage	1
asap	1
purposes	1
commonwealth	1
additionally	1
hereby	1
claim	1
fact	1
secretly	1
dumped	1
widely	1
came	1
legally	1
challenged	1
hhik6edvds	1
u4x4ete097	1
11bmromka3	1
shape	1
form	1
accepted	1
period	1
u	1
decide	1
incredibly	1
jim	1
fnbz71gszx	1
changing	1
razor	1
observed	1
intervals	1
hours	1
crudely	1
tractors	1
blocked	1
doors	1
windows	1
covered	1
thick	1
cardboard	1
inside	1
changes	1
screaming	1
demand	1
admittance	1
cw1tivi45c	1
beginning	1
tabulation	1
stage	1
seeing	1
compel	1
legislative	1
deadline	1
required	1
alito	1
talk	1
systemic	1
authenticated	1
authentication	1
seriously	1
affect	1
concerns	1
hundred	1
cites	1
philladelphia	1
series	1
mildly	1
jonathanturley	1
thieves	1
city	1
best	1
britain	1
wrote	1
clearly	1
imagine	1
outran	1
mattered	1
newtgingrich	1
marklevinshow	1
discuss	1
tf4hoki1q1	1
efycyjtojz	1
jgywpefbwq	1
turning	1
cesspool	1
mschlapp	1
adamlaxalt	1
released	1
absolutely	1
shocking	1
prevented	1
unthinkable	1
cc	1
repdougcollins	1
secretarysonny	1
zo4alpf8o0	1
nxcvfflcgx	1
9oanuzdjlw	1
dfgni0vis5	1
remember	1
care	1
computer	1
wait	1
brave	1
stepping	1
dfovdqu2qp	1
frmw3ilbyg	1
xqaoit5zwu	1
named	1
al	1
schmidt	1
commissioner	1
explain	1
honest	1
respect	1
mountain	1
dishonesty	1
come	1
ci2ztitqui	1
nobody	1
wants	1
attempted	1
alter	1
j8mch4spxg	1
fix	1
tvtvv4s5lx	1
ryan	1
1obzekxh8e	1
2	1
7	1
nationwide	1
analysis	1
221	1
941	1
435	1
seanhannity	1
takedown	1
horrible	1
given	1
confirming	1
powerful	1
piece	1
question	1
column	1
c1g9lzpmah	1
preaching	1
unsafe	1
saying	1
wonderful	1
making	1
actually	1
heartwarming	1
especially	1
organic	1
springing	1
hello	1
horrendous	1
700	1
viewed	1
pittsburgh	1
based	1
checking	1
whole	1
unfair	1
statistician	1
richard	1
baris	1
people's	1
pundit	1
suspended	1
reporting	1
disputed	1
wrongthink'	1
uhbznjjn1i	1
said	1
approval	1
urging	1
staceyabrams	1
makes	1
etc	1
cheat	1
else	1
crime	1
reasons	1
rmoa4jkzwa	1
tr35wktkm8	1
hand	1
waste	1
wkyevyvbnk	1
irrefutable	1
human	1
arrested	1
fxssxxp5yc	1
prohibited	1
stupidly	1
utep3fn22s	1
reputation	1
bum	1
equipment	1
qualify	1
silent	1
exb3c1mapg	1
mechanical	1
succeeded	1
however	1
rudygiuliani	1
interview	1
mariabartiromo	1
eyes	1
r0h4zcdkhv	1
turned	1
safeguarding	1
altered	1
x2prktqwis	1
running	1
xvwrplpaza	1
looked	1
verified	1
break	1
partner	1
30	1
x	1
lower	1
2016	1
sacred	1
qplzfimbd4	1
y6wrvcbykc	1
improprieties	1
locations	1
effective	1
terminated	1
director	1
cybersecurity	1
infrastructure	1
agency	1
virtually	1
impenetrable	1
takes	1
credit	1
unfortunately	1
successful	1
threatened	1
screamed	1
patriots	1
documents	1
harass	1
n5frpeshfd	1
ended	1
ydh7a7wxlw	1
building	1
insult	1
q8rgats6ev	1
protest	1
legislature	1
nt	1
improved	1
still	1
balance	1
wayne	1
county	1
irregularities	1
papers	1
cure	1
giant	1
zofsgdxsuh	1
highest	1
sitting	1
4	1
tough	1
continues	1
grow	1
roll	1
artificial	1
favor	1
maybe	1
nolte	1
likely	1
d8yfhfza5w	1
giuliani	1
americans	1
ynfakqyzco	1
party	1
victory	1
fast	1
tally	1
cwoqlhqnfq	1
olzncjq93y	1
yhscjy6g8t	1
different	1
e1gziqc7ep	1
shown	1
f0ignxtxzp	1
activists	1
gather	1
vug1bqg9yg	1
undeniable	1
landslide	1
biggest	1
tax	1
regulation	1
cuts	1
space	1
rebuilding	1
fixing	1
v	1
wall	1
forming	1
cabinet	1
investigators	1
courts	1
legislatures	1
frivolous	1
behalf	1
members	1
congress	1
disgusted	1
mogdsoezw8	1
well	1
dqhihobmls	1
sorry	1
liz	1
unhappy	1
troops	1
back	1
belong	1
elz9x3wraz	1
dhihuboqqy	1
3xrennwhmn	1
7otrkfoj6q	1
hfvrnviseu	1
three	1
5en1sjpiol	1
mark	1
continuation	1
ending	1
witch	1
hunt	1
judge	1
brann	1
product	1
pat	1
tariffs	1
toomey	1
friend	1
mine	1
900	1
17rk2ksups	1
fight	1
destroy	1
qn2jhgewen	1
disenfranchised	1
stopping	1
unsuspecting	1
egregious	1
conduct	1
anti	1
globalism	1
police	1
wins	1
hispanics	1
syiq2cwuwu	1
za1bbychjn	1
gsa	1
preliminarily	1
continuing	1
pursue	1
cases	1
moving	1
speed	1
ahead	1
79	1
percent	1
pmmbmt05ai	1
correct	1
lawsuit	1
spells	1
detail	1
filled	1
2t2oqsfs4e	1
randy	1
clean	1
stench	1
i1hgtxe486	1
listening	1
n5heb6gvwb	1
indefinitely	1
confined	1
120	1
locked	1
victoensing	1
brad	1
raffensperger	1
speaking	1
senate	1
talking	1
axjssyvfjw	1
eazlixtaiz	1
exposes	1
mxnjfcetkp	1
lus6snfscx	1
qr4q8u76ds	1
saw	1
tabulations	1
wishing	1
happy	1
thanksgiving	1
realized	1
coordinates	1
gets	1
primary	1
point	1
watcher	1
uploaded	1
upload	1
50	1
bans	1
doug	1
mastriano	1
together	1
silence	1
communist	1
help	1
playing	1
hands	1
1ziqfq9s6o	1
rt	1
danscavino	1
xeo6nom1d1	1
enter	1
prove	1
obtained	1
unsolvable	1
krphg9v5oi	1
cities	1
politico	1
surprisingly	1
located	1
known	1
politically	1
npq2vjzb8c	1
126	1
940	1
created	1
air	1
zmnk34ny23	1
mistakes	1
monday	1
tuned	1
specific	1
12jtdvx7ud	1
i5ie77oexs	1
qqm2zlwsxo	1
litigations	1
black	1
community	1
certainly	1
60minutes	1
comment	1
sided	1
international	1
rated	1
flooded	1
unaccounted	1
probably	1
suffered	1
crushing	1
across	1
nytimes	1
statehouses	1
led	1
charge	1
ago	1
uzg29zpbak	1
hapless	1
use	1
emergency	1
overrule	1
obstinate	1
goldmine	1
versus	1
simple	1
covering	1
articles	1
p8scmauhci	1
l8mdoslqq7	1
d6inaewqxp	1
scammed	1
uijrlybgik	1
truck	1
carrying	1
save	1
0fxhvfj0c1	1
km7trm2s1a	1
yek883gdrr	1
bigger	1
scandal	1
sxf42xorin	1
yjkjozpylp	1
donald	1
j	1
video	1
ehqzslbbjg	1
eu4islnskd	1
turns	1
3	1
sampling	1
tainted	1
worse	1
carried	1
approximately	1
90	1
granted	1
larger	1
sample	1
dvdyvbgikz	1
jonlhvoewq	1
s1pir5lblt	1
6rcwjbtkof	1
vdjraw94ki	1
yebgzs1ob3	1
tzslblrltv	1
blockbuster	1
testimony	1
stuffing	1
leave	1
room	1
leads	1
contractor	1
scanned	1
8luow5dyje	1
fraud'	1
42	1
248	1
rv	1
camps	1
homes'	1
lbpb89ta3i	1
hears	1
usps	1
witness	1
obstruction	1
flawed	1
inspections	1
deceased	1
wuwzplryfy	1
cold	1
putting	1
suppressed	1
slightly	1
positive	1
negative	1
vdaafdn2xi	1
vtnya5vag7	1
amit0wett1	1
cyj73a5fir	1
oughtnhwgg	1
tki5ss3ri9	1
answer	1
pelosi	1
schumer	1
revenge	1
efforts	1
record	1
xaj0f2jmel	1
updates	1
holds	1
sens	1
z6xzyeco16	1
evening	1
beautiful	1
vrp8sidoc8	1
off4uznbpe	1
hh0lcq5wgl	1
gee	1
informed	1
power	1
puppet	1
solve	1
special	1
session	1
5cb4qdyzpu	1
notes	1
facts	1
flag	1
5vwbefkrf7	1
fc4xtnzuxo	1
khakcjrait	1
raij4zxkbk	1
j0jtbur6jv	1
hiding	1
rejection	1
minuscule	1
compared	1
ken	1
starr	1
trumper	1
elected	1
lg	1
falsely	1
claiming	1
dumb	1
recognize	1
ga	1
replaced	1
georgian	1
specialsession	1
8r8rh8av9u	1
speaker	1
cutler	1
elsewhere	1
fully	1
understand	1
qqmwh17jog	1
gppvwuus91	1
incorrectly	1
waiting	1
joining	1
strong	1
criteria	1
vast	1
majority	1
think	1
zku9snvz2u	1
mentioned	1
suit	1
tapes	1
word	1
courage	1
opponent	1
taken	1
unless	1
fixed	1
17	1
joined	1
extraordinary	1
greatest	1
information	1
public	1
influence	1
outcome	1
hunter	1
miranda	1
devine	1
nypost	1
anyway	1